Date,Unemployment,Interest rate,Inflation,Money supply,Price Index,KOSPI,Housholds,Completion,Land price,Loan interest,Unsold home,Volume,House_price_index
2007년 01월,3.6,4.9,2.3,11.3,80.6,1379.3,3984534,1530,70.3,6.1,697,6353,71.8
2007년 02월,3.7,5,2.5,11.5,81.2,1434.9,3990129,794,70.6,6.2,590,4403,72
2007년 03월,3.5,4.9,2.6,11.5,81.7,1431.6,3995725,1888,70.9,6.2,687,5597,72.3
2007년 04월,3.4,5,2.7,11.1,82,1517.1,4001321,1963,71.1,6.1,685,5948,71.8
2007년 05월,3.2,5,2.4,10.9,82.1,1614.9,4006916,1866,71.4,6.2,704,4743,71.4
2007년 06월,3.2,5,2.6,10.9,82.1,1754.3,4012512,1893,71.7,6.1,778,4476,72.9
2007년 07월,3.3,5.1,2.5,10.9,82.4,1911.6,4018108,7338,72,6.2,840,5317,73.6
2007년 08월,3.1,5.2,2.6,11.4,82.4,1815,4023703,11719,72.3,6.4,730,5450,74.1
2007년 09월,3,5.3,2.4,11,82.9,1879,4029299,13182,72.7,6.5,724,4613,74.5
2007년 10월,3,5.3,2.6,10.8,83.1,2004.6,4034895,8146,73.1,6.6,977,6436,75
2007년 11월,3,5.4,2.5,11.3,83.1,1924.8,4040490,4768,73.6,6.6,1081,6540,74.8
2007년 12월,3.1,5.7,2.6,11.5,83.4,1904,4046086,7755,74,6.9,454,5941,75
2008년 01월,3.3,5.8,2.8,12.5,83.8,1732.3,4050376,1401,74.4,7.1,524,5375,75.9
2008년 02월,3.5,5.3,2.7,13.4,84.1,1689.5,4054665,2577,74.9,6.7,788,5624,76.9
2008년 03월,3.4,5.3,3.1,13.9,84.9,1651.2,4058955,1062,75.4,6.7,799,8971,78.4
2008년 04월,3.2,5.4,3.1,14.9,85.3,1776.6,4063245,14590,76,6.8,764,11791,80.2
2008년 05월,3.1,5.4,3.3,15.8,86.1,1846.8,4067534,6269,76.5,6.8,1016,7935,81.2
2008년 06월,3.1,5.4,3.5,15.1,86.6,1758.2,4071824,5053,77,6.8,1090,7054,82.1
2008년 07월,3.1,5.5,3.8,14.8,87.2,1569.6,4076114,4388,77.5,6.9,1437,5503,81.4
2008년 08월,3.1,5.8,3.7,14.7,87.1,1537.6,4080403,2409,78,7.2,1491,3336,81
2008년 09월,3,5.8,4.1,14.5,87.2,1446.6,4084693,1522,78.3,7.3,1530,2538,80
2008년 10월,3,6,4,14.2,87.1,1201.7,4088983,1521,78.1,7.6,1981,2385,77.5
2008년 11월,3,5.6,4.3,14,86.8,1074,4093272,1603,76,7.4,2263,1344,72.9
2008년 12월,3.3,4.7,4.5,13.1,86.8,1114.9,4097562,6022,73.3,6.8,2486,1491,68.8
2009년 01월,3.6,3.2,4,12,86.9,1156.4,4099154,764,72.6,5.6,2511,2570,71.2
2009년 02월,3.9,2.7,4,11.4,87.5,1139.8,4100745,1852,72.3,5.4,2460,4186,74
2009년 03월,4,2.5,3.3,11.1,88.2,1140.5,4102337,1256,72.3,5.4,2459,5361,74.6
2009년 04월,3.8,2.4,3.1,10.6,88.4,1322.1,4103928,1812,72.4,5.3,2295,7005,76.7
2009년 05월,3.8,2.4,3.1,9.9,88.4,1400.5,4105520,3359,72.6,5.3,2136,7348,77.9
2009년 06월,3.8,2.4,3,9.6,88.3,1395.2,4107111,1386,72.8,5.3,2085,8504,79.5
2009년 07월,3.7,2.4,2.7,9.7,88.6,1460,4108703,765,73,5.3,2060,9182,81
2009년 08월,3.7,2.5,2.8,10,89,1577.9,4110294,903,73.4,5.5,1960,8472,82.7
2009년 09월,3.3,2.6,2.6,10,89,1659.5,4111886,1663,73.7,5.8,1887,9426,83.5
2009년 10월,3.2,2.8,2.5,10.5,88.8,1630.6,4113477,2430,74,5.9,1778,7809,83.2
2009년 11월,3.3,2.8,2.4,9.7,89,1583.5,4115069,3520,74.1,5.9,1814,4722,82
2009년 12월,3.5,2.8,2.2,9.3,89.3,1646.6,4116660,16380,74.3,5.9,1803,4457,81.9
2010년 01월,5,2.9,2.4,9.3,90,1682.2,4125620,1273,74.5,5.9,1803,3870,83
2010년 02월,4.8,2.9,2.2,9.4,90.2,1599,4134580,1236,74.7,5.8,1813,4719,82.9
2010년 03월,4.1,2.8,1.7,9.3,90.3,1665.5,4143540,4699,74.9,5.5,1658,5075,82.5
2010년 04월,3.7,2.5,1.9,9.4,90.7,1730.3,4152500,2945,74.9,5.1,1575,3695,80.9
2010년 05월,3.2,2.5,1.7,9.3,90.8,1648.3,4161460,2417,74.9,4.8,1957,2811,79.8
2010년 06월,3.5,2.5,1.7,9.7,90.7,1691.9,4170421,1477,74.9,4.6,1979,2394,78.4
2010년 07월,3.7,2.6,1.8,9.3,90.9,1731.1,4179381,1718,74.8,4.7,1941,2437,78
2010년 08월,3.3,2.6,1.9,8.5,91.3,1762.2,4188341,2534,74.8,4.8,2085,2358,77.5
2010년 09월,3.4,2.7,1.8,8.1,92.1,1815.8,4197301,3516,74.7,4.8,2169,2455,78.5
2010년 10월,3.3,2.7,1.8,7.6,92.1,1889.7,4206261,2809,74.6,4.7,2506,3691,78.6
2010년 11월,3,2.7,1.5,7.4,91.6,1924.7,4215221,1867,74.6,4.7,2842,5632,79.4
2010년 12월,3.5,2.8,1.7,7.2,92,2002.5,4224181,42699,74.7,4.7,2729,7535,80.3
2011년 01월,3.8,2.9,1.9,6.5,93.1,2091.6,4221562,4907,74.8,4.8,2269,5868,81.7
2011년 02월,4.5,3.1,2.1,5,93.7,2002.9,4218943,4606,74.9,4.9,2216,6523,82.2
2011년 03월,4.3,3.4,2.4,4.3,94.1,2002.7,4216324,5098,75,4.9,2104,7279,82.1
2011년 04월,3.7,3.4,2.5,3.9,94.2,2153.1,4213705,10620,75.1,4.9,1855,5460,81.6
2011년 05월,3.2,3.5,2.7,3.7,94.3,2121.9,4211086,7303,75.2,4.9,1785,4654,81.1
2011년 06월,3.3,3.5,2.8,3,94.5,2074.6,4208467,7121,75.2,4.9,1825,4467,80.8
2011년 07월,3.3,3.6,2.8,3.2,95,2150.1,4205847,6380,75.3,4.9,1826,4096,80.9
2011년 08월,3,3.6,2.8,4,95.6,1869.4,4203228,3368,75.3,5,1767,4931,81.1
2011년 09월,3,3.6,2.6,4.2,95.5,1791,4200609,7276,75.4,5,1776,4868,81.2
2011년 10월,2.9,3.6,2.6,4.4,95.3,1825.9,4197990,3965,75.4,5,1821,4701,80.6
2011년 11월,2.9,3.6,2.8,4.4,95.4,1858.8,4195371,8405,75.4,5,1801,4568,79.9
2011년 12월,3,3.6,2.7,4.4,95.8,1863.2,4192752,19011,75.4,5,1861,6207,79
2012년 01월,3.5,3.6,2.4,4.8,96.2,1891,4191520,4428,75.5,5.1,1890,1536,78.7
2012년 02월,4.2,3.5,2.4,5.3,96.5,2003.2,4190288,6643,75.5,5,1703,3512,78.7
2012년 03월,3.7,3.5,1.8,5.7,96.6,2023.4,4189057,6279,75.6,5,1732,4087,78.3
2012년 04월,3.5,3.5,1.6,5.5,96.6,1995.9,4187825,6109,75.7,4.9,1691,4214,77.7
2012년 05월,3.1,3.5,1.5,5.5,96.7,1886.4,4186593,5980,75.7,4.9,1703,3785,77.8
2012년 06월,3.2,3.5,1.4,5.9,96.6,1848.6,4185361,6865,75.8,4.8,1698,3187,76.8
2012년 07월,3.1,3.3,1.2,6,96.4,1826.8,4184129,10417,75.7,4.6,3146,2952,76.2
2012년 08월,3,3.2,1.2,5.7,96.8,1918.9,4182897,7686,75.7,4.4,3847,2398,75.2
2012년 09월,2.9,3.1,1.4,5.2,97.5,1961.3,4181666,6108,75.7,4.3,3754,2227,75
2012년 10월,2.8,2.9,1.4,4.6,97.3,1942.2,4180434,6806,75.7,4.2,3700,4239,75
2012년 11월,2.8,2.9,1.4,4.4,97,1904.7,4179202,8729,75.7,4.2,3594,5069,74.9
2012년 12월,2.9,2.9,1.3,4.5,97.2,1973.8,4177970,10073,75.7,4.2,3481,7565,74
2013년 01월,3.4,2.9,1.5,4.8,97.8,1986.1,4178335,3789,75.7,4.2,3415,1213,74.6
2013년 02월,3.9,2.8,1.4,5.3,98.1,1979.9,4178700,3090,75.7,4.1,3308,3189,74.7
2013년 03월,3.5,2.8,1.5,5,98,1990.2,4179065,4127,75.8,4,3168,5466,75.4
2013년 04월,3.2,2.8,1.5,5.1,97.9,1938.9,4179430,5314,75.9,3.9,3035,6603,75.7
2013년 05월,3,2.7,1.6,4.8,97.9,1974.5,4179795,6206,76,3.8,2908,7677,76.1
2013년 06월,3.1,2.7,1.5,4.9,97.7,1884.4,4180161,6809,76.1,3.7,2722,10237,75.4
2013년 07월,3.1,2.7,1.5,4.6,97.9,1871.8,4180526,10730,76.1,3.8,2581,2201,75.6
2013년 08월,3,2.7,1.3,3.9,98.3,1897,4180891,8794,76.1,3.8,3970,3179,75.8
2013년 09월,2.7,2.7,1.5,4.6,98.5,1984.4,4181256,5552,76.2,3.8,4331,4774,76.6
2013년 10월,2.7,2.7,1.6,4.7,98.2,2029.7,4181621,5493,76.3,3.8,3808,8537,77.1
2013년 11월,2.6,2.7,1.7,5.1,98.2,2009.9,4181986,5400,76.5,3.8,3568,7868,76.9
2013년 12월,3,2.7,1.6,5.3,98.3,1988.3,4182351,12317,76.6,3.7,3157,7758,76.3
2014년 01월,3.4,2.7,1.5,5.2,98.8,1948.2,4183336,4111,76.8,3.8,2905,5493,77.3
2014년 02월,4.5,2.7,1.4,5.2,99.1,1937.7,4184322,3001,76.9,3.7,2734,7864,77.8
2014년 03월,3.9,2.7,1.7,5.5,99.3,1952.4,4185307,4259,77.2,3.7,2259,9522,78.2
2014년 04월,3.8,2.7,1.9,5.5,99.3,1991.2,4186293,5989,77.3,3.7,2185,8639,77.8
2014년 05월,3.5,2.7,1.8,6,99.5,1994.1,4187278,7802,77.5,3.6,2241,6079,77.8
2014년 06월,3.5,2.7,1.7,6.1,99.4,1995.1,4188264,10190,77.6,3.6,2601,5259,78
2014년 07월,3.4,2.7,1.9,6.5,99.5,2022,4189249,4375,77.8,3.5,2492,6235,78
2014년 08월,3.3,2.5,2.1,7.6,99.7,2060.9,4190234,2665,77.9,3.5,2362,6806,79
2014년 09월,3.1,2.4,1.7,7.1,99.6,2042.7,4191220,5539,78.2,3.5,1797,9052,79.6
2014년 10월,3.2,2.2,1.6,7.5,99.3,1942.8,4192205,6562,78.4,3.4,1724,11161,80.1
2014년 11월,3,2.1,1.3,8.3,99.1,1959.7,4193191,7315,78.5,3.3,1522,8630,80.2
2014년 12월,3.3,2.1,1.4,8.1,99.1,1941.9,4194176,3441,78.7,3.3,1356,6956,80
2015년 01월,3.7,2.1,2.4,8,99.8,1921,4193824,3646,78.8,3.3,1497,6860,80.4
2015년 02월,4.5,2.1,2.4,8,99.7,1961,4193471,4541,79,3.2,1238,8682,81
2015년 03월,4,2,2.4,8.3,99.7,2012.6,4193119,7960,79.1,3,1064,13602,81.9
2015년 04월,3.9,1.8,2.3,9,99.8,2107.3,4192767,5690,79.3,2.8,987,14234,82.7
2015년 05월,3.7,1.8,2.2,9.3,100,2114.9,4192414,4599,79.5,3.1,976,12903,83.2
2015년 06월,3.8,1.7,2.2,9,100.1,2063.7,4192062,9916,79.7,3,638,11762,83.9
2015년 07월,3.6,1.7,2.5,9.3,100.2,2058,4191710,15593,79.9,3,482,12414,84.8
2015년 08월,3.4,1.6,2.6,9.2,100.4,1952.6,4191357,8472,80,2.9,317,10799,85.5
2015년 09월,3.2,1.6,2.4,9.4,100.1,1939.6,4191005,11161,80.2,2.9,251,9357,86.1
2015년 10월,3.1,1.6,2.5,8.8,100.1,2020.6,4190653,11408,80.4,2.9,264,11852,86.7
2015년 11월,3,1.6,2.6,7.7,99.9,2006.8,4190300,0,80.6,3,241,10334,86.9
2015년 12월,3.2,1.7,2.6,7.5,100.2,1971.5,4189948,18249,80.8,3.1,494,8614,86.5
2016년 01월,3.7,1.7,1.8,8.1,100.4,1894.7,4189939,5586,80.9,3.1,737,5549,86.2
2016년 02월,4.9,1.6,1.9,8.3,100.8,1900.6,4189930,5874,81.1,3,884,5193,86.3
2016년 03월,4.2,1.6,1.9,7.8,100.6,1976.5,4189921,4298,81.3,3,788,7231,86.5
2016년 04월,3.9,1.6,2,7,100.8,1996.2,4189912,10759,81.4,2.9,651,8629,86.7
2016년 05월,3.6,1.6,2,6.7,100.8,1966.7,4189903,4872,81.7,2.9,507,10710,87.3
2016년 06월,3.6,1.4,2.1,7.1,100.8,1977,4189894,5066,81.9,2.8,409,11974,88.3
2016년 07월,3.5,1.4,1.8,6.9,100.6,2002.5,4189884,10030,82.1,2.7,426,14545,89.6
2016년 08월,3.6,1.4,1.8,7.2,100.9,2036.7,4189875,6197,82.3,2.7,372,12784,90.5
2016년 09월,3.5,1.3,2,6.9,101.5,2042.6,4189866,3382,82.6,2.8,327,11342,91.6
2016년 10월,3.3,1.4,1.9,7.1,101.6,2036,4189857,4610,82.8,2.9,283,13467,92.8
2016년 11월,3.1,1.4,1.7,7.3,101.5,1981.8,4189848,4894,83,3,268,11528,92.6
2016년 12월,3.2,1.5,1.6,7.5,101.6,2021.7,4189839,9171,83.2,3.1,274,9654,92
2017년 01월,3.7,1.5,1.8,6.9,102.6,2061.7,4192359,5102,83.4,3.2,205,4627,91.6
2017년 02월,4.9,1.5,1.8,5.9,102.9,2082.8,4194880,9407,83.6,3.2,187,4760,91.8
2017년 03월,4.1,1.5,1.7,6.2,102.9,2136.2,4197400,7157,83.8,3.2,200,6802,92.4
2017년 04월,4.2,1.4,1.6,6.6,102.7,2160.2,4199920,7628,84.1,3.2,157,7858,92.7
2017년 05월,3.6,1.4,1.5,6.1,102.8,2301.9,4202440,5114,84.5,3.3,119,10586,93.9
2017년 06월,3.8,1.4,1.5,5.9,102.6,2372.2,4204961,6017,84.9,3.2,64,14918,95.5
2017년 07월,3.4,1.4,1.5,5.1,102.8,2412.9,4207481,8699,85.4,3.3,41,15168,97.6
2017년 08월,3.6,1.4,1.5,4.6,103.4,2372.2,4210001,7373,85.7,3.3,39,15421,98.1
2017년 09월,3.3,1.4,1.4,4.6,103.5,2371.8,4212521,16962,86,3.2,75,8652,98.6
2017년 10월,3.2,1.4,1.6,4.7,103.4,2482.9,4215042,15824,86.2,3.3,56,3942,99.3
2017년 11월,3.1,1.5,1.3,4.8,102.6,2533.5,4217562,7797,86.5,3.4,68,6679,100
2017년 12월,3.3,1.7,1.4,4.7,103,2467.7,4220082,16051,86.8,3.4,45,8484,100.8
2018년 01월,3.7,1.7,1,5.5,103.4,2520.9,4221841,5694,87.2,3.5,45,9938,102.9
2018년 02월,4.6,1.7,1.2,6.2,104.2,2439.1,4223600,3504,87.5,3.5,48,11986,105.1
2018년 03월,4.5,1.7,1.3,5.8,104.1,2451.6,4225359,4361,87.9,3.5,48,14609,106.4
2018년 04월,4.1,1.7,1.4,5.7,104.3,2458.2,4227118,5291,88.2,3.5,47,6535,107.8
2018년 05월,4,1.7,1.4,5.9,104.3,2461.3,4228877,5490,88.5,3.5,47,5697,108.2
2018년 06월,3.7,1.7,1.3,6.1,104.1,2394.5,4230637,3625,88.9,3.5,47,4830,109
2018년 07월,3.7,1.7,1,6.7,103.9,2284.3,4232396,6305,89.4,3.4,42,5852,110.5
2018년 08월,4,1.7,1,6.7,104.9,2283.8,4234155,4296,89.9,3.4,39,7687,115
2018년 09월,3.6,1.7,1.1,6.4,105.7,2307.3,4235914,3644,90.5,3.3,29,12395,121.1
2018년 10월,3.5,1.7,1,6.8,105.5,2153.5,4237673,5856,91.1,3.3,28,10977,121.7
2018년 11월,3.2,1.7,1.2,6.8,104.7,2083.3,4239432,8509,91.7,3.3,28,3736,120.4
2018년 12월,3.4,1.9,1.1,6.8,104.4,2070.1,4241191,9176,92.1,3.2,27,2380,119
2019년 01월,4.5,1.9,1,6.5,104.2,2102,4242696,8065,92.5,3.1,27,1889,117.7
2019년 02월,4.7,1.9,1.1,6.2,104.7,2210.2,4244200,5307,92.7,3.1,50,1624,116.1
2019년 03월,4.3,1.9,0.7,6.8,104.5,2161.9,4245705,14885,93,3,770,1813,114.9
2019년 04월,4.4,1.9,0.7,6.6,104.9,2212.1,4247210,3443,93.4,3,292,2469,115.4
2019년 05월,4,1.8,0.6,6.6,105.1,2086.9,4248714,3377,93.8,2.9,178,3432,116.6
2019년 06월,4,1.8,0.7,6.7,104.9,2105.3,4250219,2566,94.2,2.7,123,4470,118.8
2019년 07월,3.9,1.7,0.9,6.6,104.6,2079.5,4251724,3764,94.7,2.6,190,7009,121.4
2019년 08월,3,1.5,0.8,6.8,104.8,1944.2,4253228,4331,95.1,2.5,205,8586,122.7
2019년 09월,3.1,1.5,0.5,7.6,105.2,2045.2,4254733,2661,95.6,2.5,207,7096,124.2
2019년 10월,3,1.5,0.6,7.5,105.5,2065.8,4256238,2987,96,2.5,191,8274,126
2019년 11월,3.1,1.5,0.5,7.7,104.9,2128.8,4257742,4275,96.5,2.5,176,10955,128.5
2019년 12월,3.4,1.5,0.6,7.9,105.1,2147,4259247,6611,97,2.5,151,14117,130.5
2020년 01월,4.1,1.5,0.8,7.8,105.8,2203.4,4260289,3417,97.4,2.5,131,10491,131.6
2020년 02월,4.1,1.4,0.5,8.2,105.8,2167.1,4261332,5651,97.8,2.5,112,9522,133.7
2020년 03월,4.2,1.2,0.4,8.4,105.5,1786.8,4262375,4617,98.2,2.5,91,9152,134.8
2020년 04월,4.2,1.1,0.1,9.1,105,1849.6,4263417,4340,98.5,2.6,78,3699,133.3
2020년 05월,4.5,1,0.1,9.9,104.7,1965.2,4264460,4124,98.8,2.5,70,4328,134.9
2020년 06월,4.3,0.8,0.2,9.9,104.9,2134.7,4265502,3659,99.2,2.5,61,11106,139.3
2020년 07월,4,0.8,0.4,10,104.9,2196,4266545,4425,99.6,2.5,58,16002,146.2
2020년 08월,3.1,0.7,0.4,9.5,105.5,2349.9,4267587,3086,100,2.4,56,6880,150.6
2020년 09월,3.6,0.6,0.6,9.2,106.2,2371.5,4268630,5232,100.4,2.3,54,4795,153.1
2020년 10월,3.7,0.6,-0.3,9.7,105.6,2357.8,4269672,7074,100.8,2.3,52,4320,154.9
2020년 11월,3.4,0.7,0.6,9.7,105.5,2504.2,4270715,4832,101.2,2.4,52,4725,157.2
2020년 12월,4.1,0.7,0.5,9.7,105.7,2504.2,4271757,4832,101.6,2.4,52,8764,159.4
